{
  "_generated": "Generated by SweetTooth, do not edit",
  "description": "Top Bar / Top Panel , Menus , Dash / Dock , Gnome Shell , Gtk Apps theming. Open the bar and let the colors \ud83c\udf79 flow.",
  "donations": {
    "buymeacoffee": "neuromorph"
  },
  "gettext-domain": "openbar",
  "name": "Open Bar",
  "settings-schema": "org.gnome.shell.extensions.openbar",
  "shell-version": [
    "45",
    "46",
    "47"
  ],
  "url": "https://github.com/neuromorph/openbar",
  "uuid": "openbar@neuromorph",
  "version": 41
}